City_ID,City,Country,Lat,Lng,Max Temp,Humidity,Cloudiness,Wind Speed,Current Description
0,Puerres,CO,1.1937,-77.2666,47.35,87,42,6.53,scattered clouds
1,Hobart,AU,-42.8794,147.3294,55.26,81,75,3.0,broken clouds
2,Bredasdorp,ZA,-34.5322,20.0403,50.56,89,91,5.77,overcast clouds
3,Simoes,BR,-7.5989,-40.8178,70.92,82,13,16.06,few clouds
4,Puerto Ayora,EC,-0.7393,-90.3518,72.55,89,56,8.99,broken clouds
5,Roald,NO,62.5833,6.1333,57.33,100,0,4.61,clear sky
6,Hithadhoo,MV,-0.6,73.0833,83.43,68,75,12.17,broken clouds
7,Mataura,NZ,-46.1927,168.8643,52.48,66,12,1.95,few clouds
8,Kununurra,AU,-15.7667,128.7333,82.38,20,2,14.97,clear sky
9,Punta Arenas,CL,-53.15,-70.9167,32.11,80,40,11.5,scattered clouds
10,Tuktoyaktuk,CA,69.4541,-133.0374,41.11,86,100,12.03,overcast clouds
11,Coquimbo,CL,-29.9533,-71.3436,51.53,87,0,3.44,clear sky
12,Palmer,US,42.1584,-72.3287,71.15,85,90,0.0,heavy intensity rain
13,Albany,US,42.6001,-73.9662,68.4,94,100,1.7,overcast clouds
14,Rikitea,PF,-23.1203,-134.9692,74.64,78,4,15.5,clear sky
15,Ambulu,ID,-8.345,113.6058,80.62,65,21,4.36,few clouds
16,Andenes,NO,69.3143,16.1194,50.47,93,75,14.97,broken clouds
17,Sirpur,IN,19.4833,79.6,78.39,88,100,8.03,light rain
18,Harbour Breton,CA,47.4833,-55.7983,47.79,90,100,19.06,overcast clouds
19,Kapaa,US,22.0752,-159.319,85.98,78,90,3.0,light rain
20,Sao Joao Da Barra,BR,-21.6403,-41.0511,62.64,86,0,7.34,clear sky
21,Ancud,CL,-41.8697,-73.8203,46.22,71,89,12.55,overcast clouds
22,Longyearbyen,SJ,78.2186,15.6401,39.04,75,75,16.11,broken clouds
23,Ushuaia,AR,-54.8,-68.3,29.48,86,32,6.04,scattered clouds
24,Kampene,CD,-3.6,26.6667,74.19,45,99,2.06,overcast clouds
25,Vaini,TO,-21.2,-175.2,75.36,88,40,9.22,scattered clouds
26,Portland,US,45.5234,-122.6762,79.32,61,90,10.36,overcast clouds
27,Nikolskoye,RU,59.7035,30.7861,64.29,84,52,3.4,broken clouds
28,Faanui,PF,-16.4833,-151.75,79.68,75,3,23.71,clear sky
29,Carnarvon,AU,-24.8667,113.6333,69.48,40,31,10.11,scattered clouds
30,Jamestown,US,42.097,-79.2353,65.52,94,90,1.99,heavy intensity rain
31,Gerede,TR,40.8008,32.1969,61.29,40,2,5.1,clear sky
32,Torbay,CA,47.6666,-52.7314,47.57,98,90,12.66,light intensity drizzle
33,Noumea,NC,-22.2763,166.4572,77.0,99,52,17.92,broken clouds
34,Yarada,IN,17.65,83.2667,84.16,75,100,11.7,overcast clouds
35,Alugan,PH,12.2188,125.4808,85.41,66,100,4.12,overcast clouds
36,Fairbanks,US,64.8378,-147.7164,87.1,26,1,0.0,clear sky
37,Yar-Sale,RU,66.8333,70.8333,51.04,59,0,21.74,clear sky
38,Hilo,US,19.7297,-155.09,82.13,64,90,6.91,overcast clouds
39,Tura,IN,25.5198,90.2201,76.77,95,99,5.21,overcast clouds
40,Royan,FR,45.6285,-1.0281,64.44,76,100,4.27,overcast clouds
41,San Miguel,SV,13.4833,-88.1833,74.48,96,38,2.8,moderate rain
42,Koshurnikovo,RU,54.1667,93.3,60.82,60,0,3.89,clear sky
43,Avarua,CK,-21.2078,-159.775,77.9,86,94,20.07,overcast clouds
44,Namibe,AO,-15.1961,12.1522,63.99,82,12,1.5,few clouds
45,Klaksvik,FO,62.2266,-6.589,47.32,87,10,5.91,clear sky
46,Busselton,AU,-33.65,115.3333,57.04,82,32,6.22,scattered clouds
47,Cabra,ES,37.4725,-4.4421,74.89,60,0,2.21,clear sky
48,Hermanus,ZA,-34.4187,19.2345,55.9,78,48,15.64,scattered clouds
49,Cabo San Lucas,MX,22.8909,-109.9124,83.8,62,1,8.01,clear sky
50,Tazmalt,DZ,36.3868,4.3989,79.59,45,45,2.3,scattered clouds
51,Barrow,US,71.2906,-156.7887,37.42,75,1,10.36,clear sky
52,New Norfolk,AU,-42.7826,147.0587,54.91,82,100,3.0,light rain
53,Hasaki,JP,35.7333,140.8333,72.0,95,100,16.82,moderate rain
54,Arman,RU,59.7,150.1667,63.12,68,100,9.64,overcast clouds
55,San Andres,CO,12.5847,-81.7006,82.42,83,20,9.22,few clouds
56,Yulara,AU,-25.2406,130.9889,64.24,36,0,9.22,clear sky
57,Neustadt,DE,49.7117,12.0872,55.71,96,90,1.01,light intensity drizzle
58,Itacare,BR,-14.2775,-38.9967,69.85,91,98,10.36,overcast clouds
59,Southport,GB,53.6478,-3.0065,59.63,75,98,3.13,overcast clouds
60,Susehri,TR,40.1644,38.0867,60.1,74,0,2.39,clear sky
61,Nome,US,64.5011,-165.4064,64.17,64,100,10.51,overcast clouds
62,Rawson,AR,-43.3002,-65.1023,46.47,50,2,15.93,clear sky
63,Kieta,PG,-6.2167,155.6333,83.26,72,100,3.76,light rain
64,Pevek,RU,69.7008,170.3133,35.58,83,10,16.2,clear sky
65,Dongsheng,CN,39.8161,109.9776,74.97,25,100,9.62,overcast clouds
66,Samana,DO,19.2056,-69.3369,78.1,87,100,7.23,light rain
67,East London,ZA,-33.0153,27.9116,56.95,64,100,4.18,overcast clouds
68,Boquira,BR,-12.8231,-42.7306,67.12,66,7,7.23,clear sky
69,Vestmanna,FO,62.1564,-7.1664,45.52,100,90,1.14,fog
70,Wyndham,US,37.6985,-77.6125,73.9,93,90,1.99,moderate rain
71,Bathsheba,BB,13.2167,-59.5167,81.21,69,75,20.71,broken clouds
72,Lebu,CL,-37.6167,-73.65,46.56,80,1,3.74,clear sky
73,Hirara,JP,24.8,125.2833,82.98,87,86,21.88,overcast clouds
74,Kattivakkam,IN,13.2167,80.3167,84.29,67,100,12.5,overcast clouds
75,Clyde River,CA,70.4692,-68.5914,37.63,93,75,6.91,broken clouds
76,Egvekinot,RU,66.3167,-179.1667,36.54,68,100,13.51,overcast clouds
77,Huarmey,PE,-10.0681,-78.1522,64.29,85,37,9.86,scattered clouds
78,Viedma,AR,-40.8135,-62.9967,48.2,56,6,10.38,clear sky
79,Baoying,CN,33.2292,119.3092,85.93,62,74,11.14,broken clouds
80,Dolgoye,RU,52.8,37.2167,60.04,95,1,3.8,clear sky
81,Luganville,VU,-15.5333,167.1667,78.75,67,37,11.34,scattered clouds
82,Puerto Narino,CO,-3.7703,-70.3831,71.55,80,22,0.25,few clouds
83,Arraial Do Cabo,BR,-22.9661,-42.0278,65.46,76,33,10.04,scattered clouds
84,Husavik,IS,66.0449,-17.3389,51.67,83,96,1.99,overcast clouds
85,Luderitz,NA,-26.6481,15.1594,58.41,61,0,7.11,clear sky
86,Agirish,RU,61.9247,63.0231,57.92,86,98,7.81,overcast clouds
87,Makakilo City,US,21.3469,-158.0858,84.52,51,75,9.22,broken clouds
88,Novyy Urengoy,RU,66.0833,76.6333,47.1,80,100,24.72,overcast clouds
89,Leningradskiy,RU,69.3833,178.4167,38.53,79,93,8.66,overcast clouds
90,Hovd,MN,48.0056,91.6419,58.37,64,100,6.24,overcast clouds
91,Atar,MR,20.5169,-13.0499,88.48,23,6,6.96,clear sky
92,Castro,BR,-24.7911,-50.0119,42.84,99,20,6.08,few clouds
93,Ipilan,PH,8.8431,117.9033,84.56,70,97,0.49,overcast clouds
94,Chokurdakh,RU,70.6333,147.9167,64.56,28,3,13.44,clear sky
95,Cherskiy,RU,68.75,161.3,59.99,28,9,5.61,clear sky
96,Xuddur,SO,4.1213,43.8894,68.56,71,61,19.75,broken clouds
97,Hamilton,US,39.1834,-84.5333,73.11,94,1,3.44,clear sky
98,Port Lincoln,AU,-34.7333,135.8667,54.39,53,76,23.17,broken clouds
99,Filingue,NE,14.3521,3.3168,87.64,45,7,12.3,clear sky
100,Ulaangom,MN,49.9811,92.0667,64.2,44,65,10.83,broken clouds
101,Beringovskiy,RU,63.05,179.3167,36.57,97,100,22.32,moderate rain
102,Thompson,CA,55.7435,-97.8558,92.34,35,36,10.94,scattered clouds
103,Vardo,NO,70.3705,31.1107,52.84,71,13,26.06,few clouds
104,Guymon,US,36.6828,-101.4816,68.02,100,90,9.22,overcast clouds
105,Esso,RU,55.9333,158.7,64.45,55,83,8.12,light rain
106,Gat,IL,31.61,34.7642,79.39,84,0,3.06,clear sky
107,Genhe,CN,50.7833,121.5167,58.89,88,100,9.04,moderate rain
108,Khandyga,RU,62.6667,135.6,89.04,24,53,3.49,broken clouds
109,La Ronge,CA,55.1001,-105.2842,82.78,34,0,11.5,clear sky
110,Pelym,RU,61.0108,61.9978,67.73,75,73,9.06,broken clouds
111,Vila Velha,BR,-20.3297,-40.2925,64.81,77,44,8.05,scattered clouds
112,Black River,JM,18.0264,-77.8487,82.4,82,15,3.67,few clouds
113,Chuy,UY,-33.6971,-53.4616,52.05,95,98,8.19,overcast clouds
114,Kaitangata,NZ,-46.2817,169.8464,46.92,72,12,2.98,few clouds
115,Upernavik,GL,72.7868,-56.1549,39.49,88,100,27.6,light rain
116,Bengkulu,ID,-3.8004,102.2655,81.88,64,95,3.89,overcast clouds
117,Tuy Hoa,VN,13.0833,109.3,91.08,51,5,7.49,clear sky
118,Faya,SA,18.3851,42.4509,66.72,48,33,3.91,scattered clouds
119,Orodara,BF,10.9492,-4.9342,73.2,79,96,5.14,overcast clouds
120,Yumen,CN,40.2833,97.2,79.74,15,2,12.01,clear sky
121,Puerto Cabezas,NI,14.0351,-83.3888,78.44,84,100,8.28,overcast clouds
122,Butaritari,KI,3.0707,172.7902,83.53,75,65,15.43,light rain
123,Qaanaaq,GL,77.484,-69.3632,33.62,98,100,4.45,light rain
124,Paamiut,GL,61.994,-49.6678,41.43,86,0,11.77,clear sky
125,Kodiak,US,57.79,-152.4072,51.31,87,90,13.8,moderate rain
126,Solnechnyy,RU,50.7214,136.6319,72.1,53,64,4.05,broken clouds
127,Fortuna,US,40.5982,-124.1573,63.66,70,90,5.01,overcast clouds
128,Bluff,NZ,-46.6,168.3333,52.81,74,14,7.9,few clouds
129,Provideniya,RU,64.3833,-173.3,44.71,81,90,24.61,light rain
130,Dikson,RU,73.5069,80.5464,34.88,95,68,4.07,broken clouds
131,Khasan,RU,42.4308,130.6434,62.73,93,100,5.59,overcast clouds
132,Arona,ES,28.0996,-16.681,62.33,76,20,3.44,few clouds
133,Codrington,AU,-38.2667,141.9667,47.98,91,100,13.85,light rain
134,Bardsir,IR,29.9227,56.5743,68.86,21,0,3.74,clear sky
135,Turayf,SA,31.6725,38.6637,75.87,34,0,5.91,clear sky
136,Port Alfred,ZA,-33.5906,26.891,55.04,76,79,7.2,broken clouds
137,Acarau,BR,-2.8856,-40.12,77.05,85,100,9.8,overcast clouds
138,Yuli,NG,9.6989,10.2744,76.05,77,63,4.18,broken clouds
139,Deputatskiy,RU,69.3,139.9,62.65,49,100,7.34,overcast clouds
140,Cabaiguan,CU,22.0789,-79.4992,74.82,91,71,4.14,moderate rain
141,Salalah,OM,17.0151,54.0924,80.69,89,75,2.3,broken clouds
142,Yelan,RU,50.949,43.7378,62.67,90,55,5.82,broken clouds
143,Cape Town,ZA,-33.9258,18.4232,59.88,83,99,8.01,overcast clouds
144,Mar Del Plata,AR,-38.0023,-57.5575,48.0,65,0,11.99,clear sky
145,Ilulissat,GL,69.2167,-51.1,46.42,53,98,3.44,overcast clouds
146,Chernyshevskiy,RU,63.0128,112.4714,69.06,59,100,6.08,overcast clouds
147,Llanes,ES,43.4198,-4.7549,59.02,89,100,5.28,overcast clouds
148,Lethem,GY,3.3803,-59.7968,71.91,83,57,3.87,light rain
149,Sitka,US,57.0531,-135.33,57.09,77,90,13.8,light rain
150,Lata,PT,40.1629,-8.3327,59.81,83,6,2.46,clear sky
151,Nyurba,RU,63.2842,118.3319,86.88,33,0,8.01,clear sky
152,Gangapur,IN,26.4833,76.7167,91.85,45,11,15.88,few clouds
153,Ormara,PK,25.2088,64.6357,82.81,86,93,11.5,overcast clouds
154,Oistins,BB,13.0667,-59.5333,80.69,69,75,20.71,broken clouds
155,Ostrovnoy,RU,68.0531,39.5131,54.3,64,10,16.33,clear sky
156,Zhigansk,RU,66.7697,123.3711,75.52,53,10,17.67,clear sky
157,Dunedin,NZ,-45.8742,170.5036,51.8,53,27,5.99,scattered clouds
158,Vestmannaeyjar,IS,63.4427,-20.2734,50.81,90,81,11.18,broken clouds
159,Gizo,SB,-8.103,156.8419,82.02,74,100,6.82,light rain
160,Broome,US,42.2506,-75.833,68.56,89,75,1.99,broken clouds
161,Storforshei,NO,66.4043,14.5233,58.95,69,28,1.57,scattered clouds
162,Norman Wells,CA,65.282,-126.8329,79.88,28,17,2.37,few clouds
163,Airai,TL,-8.9266,125.4092,70.29,54,39,4.76,scattered clouds
164,Narsaq,GL,60.9167,-46.05,55.62,79,94,2.82,overcast clouds
165,Atuona,PF,-9.8,-139.0333,78.94,76,42,23.96,light rain
166,Boende,CD,-0.2167,20.8667,72.88,70,12,2.42,few clouds
167,Cayenne,GF,4.9333,-52.3333,83.08,81,75,3.0,broken clouds
168,Yellowknife,CA,62.456,-114.3525,71.33,54,100,4.0,overcast clouds
169,Coihaique,CL,-45.5752,-72.0662,39.15,70,90,3.44,overcast clouds
170,Lima,PE,-12.0432,-77.0282,61.05,77,90,8.05,overcast clouds
171,Bambous Virieux,MU,-20.3428,57.7575,68.22,67,92,14.81,overcast clouds
172,Fort Nelson,CA,58.8053,-122.7002,58.28,97,100,8.21,moderate rain
173,Tiksi,RU,71.6872,128.8694,52.88,67,100,1.19,overcast clouds
174,Asyut,EG,27.181,31.1837,85.06,29,0,10.74,clear sky
175,Lagos,NG,6.5833,3.75,75.43,94,93,3.15,light rain
176,Umm Kaddadah,SD,13.6017,26.6876,85.03,44,43,9.28,scattered clouds
177,Churapcha,RU,62.0025,132.4325,87.35,20,38,5.59,scattered clouds
178,Deori Khas,IN,23.4,79.0167,84.25,59,99,14.32,overcast clouds
179,Maragogi,BR,-9.0122,-35.2225,75.11,85,74,9.1,broken clouds
180,Praia Da Vitoria,PT,38.7333,-27.0667,67.75,84,70,8.03,broken clouds
181,Lahij,YE,13.1667,44.5833,86.23,51,7,3.78,clear sky
182,Kamaishi,JP,39.2667,141.8833,67.15,96,100,3.76,overcast clouds
183,Kisangani,CD,0.5167,25.2,71.38,78,29,1.57,scattered clouds
184,Najran,SA,17.4924,44.1277,77.77,31,0,7.31,clear sky
185,Lulea,SE,65.5842,22.1547,55.47,82,34,0.0,scattered clouds
186,Bethel,US,41.3712,-73.414,71.37,91,100,2.55,overcast clouds
187,Tasiilaq,GL,65.6145,-37.6368,42.96,76,100,4.52,light rain
188,Katsuura,JP,35.1333,140.3,75.22,95,100,14.79,moderate rain
189,Pangnirtung,CA,66.1451,-65.7125,43.29,96,100,2.84,overcast clouds
190,Bucerias,MX,20.75,-105.3333,80.58,89,90,3.44,overcast clouds
191,Nanortalik,GL,60.1432,-45.2371,42.93,86,100,4.65,overcast clouds
192,Lorengau,PG,-2.0226,147.2712,83.1,72,94,7.4,overcast clouds
193,Half Moon Bay,US,37.4636,-122.4286,79.57,79,90,8.05,mist
194,Bhadreswar,IN,22.8244,88.3506,80.49,71,92,8.79,overcast clouds
195,Braga,PT,41.5503,-8.4201,60.55,88,58,1.45,broken clouds
196,Verkhnyaya Maksakovka,RU,61.635,50.9674,53.62,100,90,13.42,overcast clouds
197,Soe,ID,-9.8607,124.284,76.71,53,67,9.55,broken clouds
198,Moorhead,US,46.8739,-96.7676,84.22,49,1,6.91,clear sky
199,Grand Gaube,MU,-20.0064,57.6608,68.38,76,89,3.0,overcast clouds
200,Vostok,RU,46.4856,135.8833,69.78,60,100,1.1,overcast clouds
201,Constitucion,CL,-35.3333,-72.4167,49.95,90,8,8.16,clear sky
202,Moga,IN,30.8,75.1667,94.44,19,5,1.66,clear sky
203,Severo-Kurilsk,RU,50.6789,156.125,50.36,79,77,13.67,broken clouds
204,Whitehorse,CA,60.7161,-135.0538,81.01,23,30,10.0,scattered clouds
205,Trat,TH,12.5,102.5,88.25,73,24,6.2,few clouds
206,College,US,64.8569,-147.8028,87.01,26,1,0.0,clear sky
207,Moscow,RU,55.7522,37.6156,66.38,89,100,7.31,overcast clouds
208,Pitimbu,BR,-7.4706,-34.8086,73.99,81,17,11.1,few clouds
209,Souillac,MU,-20.5167,57.5167,68.36,66,61,12.3,broken clouds
210,Barao De Melgaco,BR,-16.1944,-55.9675,63.12,29,0,2.55,clear sky
211,Goure,NE,13.9835,10.2704,87.03,39,19,5.35,few clouds
212,Caravelas,BR,-17.7125,-39.2481,71.28,70,100,11.99,overcast clouds
213,Padang,ID,-0.9492,100.3543,82.45,72,65,2.98,broken clouds
214,Sinnamary,GF,5.3833,-52.95,77.09,87,100,8.05,overcast clouds
215,Piuma,BR,-20.8378,-40.7219,64.08,79,44,3.94,scattered clouds
216,Sorland,NO,67.667,12.6934,50.36,87,57,4.32,broken clouds
217,Saint-Francois,FR,46.4154,3.9054,59.18,98,0,1.14,clear sky
218,Khailar,IN,25.35,78.5333,88.81,53,99,15.79,overcast clouds
219,Qaqortoq,GL,60.7167,-46.0333,55.9,84,99,3.33,overcast clouds
220,Altagracia De Orituco,VE,9.8601,-66.3814,69.82,99,92,3.6,overcast clouds
221,Evensk,RU,61.95,159.2333,62.22,44,34,10.89,scattered clouds
222,Cidreira,BR,-30.1811,-50.2056,58.33,89,43,11.95,scattered clouds
223,San Carlos De Bariloche,AR,-41.1456,-71.3082,37.15,70,40,21.85,scattered clouds
224,Jinxiang,CN,27.4327,120.6062,80.8,88,100,5.7,overcast clouds
225,Saint-Philippe,RE,-21.3585,55.7679,71.15,70,47,11.05,scattered clouds
226,Sao Sebastiao,BR,-23.76,-45.4097,58.06,89,15,3.13,few clouds
227,Santa Rosa,PH,14.3122,121.1114,88.11,68,98,1.23,overcast clouds
228,La Cruz,MX,23.9167,-106.9,80.47,83,94,4.0,overcast clouds
229,Sokolo,ML,14.7328,-6.1219,94.42,28,36,4.05,scattered clouds
230,Saint-Denis,FR,48.9167,2.3333,62.15,90,0,0.0,clear sky
231,Dire Dawa,ET,9.5931,41.8661,71.06,59,43,12.91,scattered clouds
232,Tadine,NC,-21.55,167.8833,72.37,55,54,20.42,broken clouds
233,Haines Junction,CA,60.7522,-137.5108,78.35,24,3,7.81,clear sky
234,Bourail,NC,-21.5667,165.4833,72.57,55,95,9.17,overcast clouds
235,Brownsville,US,25.9018,-97.4975,83.08,77,1,1.99,clear sky
236,Kuito,AO,-12.3833,16.9333,48.13,39,4,2.82,clear sky
237,Vao,NC,-22.6667,167.4833,69.46,64,77,21.77,broken clouds
238,Tazovskiy,RU,67.4667,78.7,45.66,94,100,30.33,overcast clouds
239,Muros,ES,42.7762,-9.0603,64.9,90,99,4.59,overcast clouds
240,Khatanga,RU,71.9667,102.5,69.39,46,7,9.53,clear sky
241,Warrnambool,AU,-38.3833,142.4833,54.81,66,100,17.56,light rain
242,Muroto,JP,33.2833,134.15,77.02,93,97,10.18,overcast clouds
243,Saskylakh,RU,71.9167,114.0833,64.2,66,100,9.24,overcast clouds
244,Baishishan,CN,43.5833,127.5667,78.55,60,100,3.78,overcast clouds
245,Asfi,MA,32.2994,-9.2372,66.22,75,0,11.34,clear sky
246,Carbonia,IT,39.1672,8.5222,68.85,55,34,5.66,scattered clouds
247,Flagstaff,US,35.1981,-111.6513,81.3,35,20,3.44,few clouds
248,Flinders,AU,-34.5833,150.8552,68.05,68,5,1.99,clear sky
249,Yima,CN,34.7381,111.8839,77.23,66,100,7.52,overcast clouds
250,Tungor,RU,53.3808,142.9564,74.05,44,100,7.61,overcast clouds
251,Cap-Aux-Meules,CA,47.3821,-61.8597,53.11,90,100,26.22,overcast clouds
252,La Asuncion,VE,11.0333,-63.8628,78.22,84,100,4.07,overcast clouds
253,Srednekolymsk,RU,67.45,153.6833,63.77,27,0,9.26,clear sky
254,Ponta Do Sol,PT,32.6667,-17.1,69.71,77,3,1.61,clear sky
255,Ust-Omchug,RU,61.15,149.6333,67.75,44,43,6.22,scattered clouds
256,Togur,RU,58.3631,82.8265,64.94,67,100,11.34,overcast clouds
257,Toamasina,MG,-18.1667,49.3833,67.53,89,67,7.65,light rain
258,Georgetown,MY,5.4112,100.3354,79.9,82,40,1.01,thunderstorm with light rain
259,Kavieng,PG,-2.5744,150.7967,82.02,70,96,2.13,overcast clouds
260,Teya,RU,60.3778,92.6267,63.43,50,100,7.14,overcast clouds
261,Esperance,AU,-33.8667,121.9,53.71,64,100,5.75,overcast clouds
262,Lagoa,PT,39.05,-27.9833,66.99,76,75,18.23,broken clouds
263,Trinidad,BO,-14.8333,-64.9,57.16,48,0,1.9,clear sky
264,Bonthe,SL,7.5264,-12.505,74.1,96,100,4.23,heavy intensity rain
265,Lakes Entrance,AU,-37.8811,147.981,65.17,56,6,3.67,clear sky
266,Auki,SB,-8.7676,160.7034,84.29,67,83,4.0,broken clouds
267,Laguna,US,38.421,-121.4238,95.43,45,1,7.0,clear sky
268,Taltal,CL,-25.4,-70.4833,57.49,81,12,5.01,few clouds
269,Totoral,PE,-17.4053,-70.365,58.19,42,0,0.27,clear sky
270,Quatre Cocos,MU,-20.2078,57.7625,68.09,67,89,14.65,overcast clouds
271,Eirunepe,BR,-6.6603,-69.8736,66.06,71,9,0.78,clear sky
272,Mahebourg,MU,-20.4081,57.7,68.25,66,83,14.61,broken clouds
273,Rocha,UY,-34.4833,-54.3333,47.88,96,100,6.64,overcast clouds
274,Geraldton,AU,-28.7667,114.6,54.01,76,10,5.75,clear sky
275,Saint George,US,37.1041,-113.5841,99.63,14,1,1.99,clear sky
276,San Guillermo,PH,16.7254,121.8098,85.19,71,98,1.12,overcast clouds
277,Moranbah,AU,-22.0016,148.0466,66.24,85,100,4.68,overcast clouds
278,San Patricio,US,28.017,-97.5169,84.83,71,14,8.7,few clouds
279,Khani,GE,41.9563,42.9566,58.57,82,100,4.29,overcast clouds
280,Pouebo,NC,-20.4,164.5667,72.84,68,76,18.61,broken clouds
281,Tigil,RU,57.8,158.6667,65.86,41,1,18.54,clear sky
282,Rio Grande,BR,-32.035,-52.0986,51.91,93,54,8.79,broken clouds
283,Los Llanos De Aridane,ES,28.6585,-17.9182,65.95,90,75,11.5,broken clouds
284,Raudeberg,NO,61.9875,5.1352,56.19,87,0,9.04,clear sky
285,Adrar,MR,20.5022,-10.0711,89.22,22,58,9.62,broken clouds
286,Shetpe,KZ,44.1667,52.1167,77.97,42,83,7.23,broken clouds
287,Itaguai,BR,-22.8522,-43.7753,65.84,88,10,3.6,clear sky
288,San Vicente,AR,-26.6167,-54.1333,42.53,89,34,3.11,scattered clouds
289,San Rafael,AR,-34.6177,-68.3301,48.2,37,29,5.86,scattered clouds
290,Bowen,AU,-20.0167,148.2333,74.46,74,16,9.48,few clouds
291,Aswan,EG,24.0934,32.907,90.66,16,0,13.02,clear sky
292,Kalmunai,LK,7.4167,81.8167,81.48,75,48,1.79,scattered clouds
293,Kloulklubed,PW,7.0419,134.2556,83.21,74,100,11.39,moderate rain
294,Pasni,PK,25.2631,63.471,82.27,93,11,9.93,few clouds
295,Velingara,SN,13.15,-14.1167,76.86,79,100,4.36,light rain
296,Port Macquarie,AU,-31.4333,152.9167,65.89,71,27,9.78,scattered clouds
297,Saurimo,AO,-9.6608,20.3916,54.52,34,2,5.37,clear sky
298,Linjiang,CN,41.8069,126.9078,79.99,57,100,3.71,overcast clouds
299,Road Town,VG,18.4167,-64.6167,83.19,78,100,19.95,overcast clouds
300,Abbeville,FR,50.1,1.8333,60.49,93,100,4.97,overcast clouds
301,Otane,NZ,-39.8833,176.6333,54.01,57,7,3.38,clear sky
302,Bairiki,KI,1.3292,172.9752,87.8,70,40,11.5,scattered clouds
303,Leshukonskoye,RU,64.8989,45.7622,48.94,72,62,4.88,broken clouds
304,Komsomolskiy,UZ,40.4272,71.7189,75.92,41,3,6.91,clear sky
305,Necochea,AR,-38.5473,-58.7368,47.03,71,100,10.6,overcast clouds
306,Guerrero Negro,MX,27.9769,-114.0611,68.58,81,13,18.7,few clouds
307,Pampas,PE,-12.4,-74.9,42.48,92,3,2.24,clear sky
308,Semirom,IR,31.4167,51.5667,63.84,27,2,3.38,clear sky
309,Bartica,GY,6.4,-58.6167,77.32,98,73,1.52,broken clouds
310,Florence,IT,43.7667,11.25,67.53,81,0,4.61,clear sky
311,Mount Gambier,AU,-37.8333,140.7667,46.6,95,100,1.25,light rain
312,Sabang,ID,5.8933,95.3214,81.93,76,90,5.48,overcast clouds
313,Rafaela,AR,-31.2503,-61.4867,48.06,65,3,7.05,clear sky
314,Dwarka,IN,22.2394,68.9678,84.6,72,100,22.41,overcast clouds
315,Masaki,JP,33.7876,132.7112,85.48,79,40,4.61,fog
316,Ipubi,BR,-7.6519,-40.1489,68.49,93,95,7.81,overcast clouds
317,Shenjiamen,CN,29.9576,122.298,76.69,97,100,6.2,heavy intensity rain
318,Ajdabiya,LY,30.7554,20.2263,85.19,28,0,4.21,clear sky
319,Ribeira Grande,PT,38.5167,-28.7,67.77,76,100,16.96,overcast clouds
320,Birjand,IR,32.8663,59.2211,74.73,30,0,18.5,clear sky
321,Amapa,BR,1.0,-52.0,71.38,99,100,1.32,overcast clouds
322,Augusto Correa,BR,-1.0217,-46.635,74.62,93,100,4.68,light rain
323,Victoria,HK,22.2855,114.1577,89.65,86,100,8.99,overcast clouds
324,Port Blair,IN,11.6667,92.75,83.34,80,100,14.7,light rain
325,Wattegama,LK,6.7989,81.4808,80.37,67,33,6.67,scattered clouds
326,Carutapera,BR,-1.195,-46.02,76.17,90,91,7.07,overcast clouds
327,Novo Aripuana,BR,-5.1206,-60.3797,72.12,70,43,1.28,scattered clouds
328,Kiama,AU,-34.6833,150.8667,68.25,64,5,3.0,clear sky
329,Penzance,GB,50.1186,-5.5371,54.7,92,1,3.78,clear sky
330,Poum,NC,-20.2333,164.0167,73.92,69,90,20.65,overcast clouds
331,Ahipara,NZ,-35.1667,173.1667,58.98,62,62,8.28,broken clouds
332,Tukrah,LY,32.5341,20.5791,85.93,37,0,7.05,clear sky
333,Taizhou,CN,32.4933,119.9106,84.88,70,97,12.06,overcast clouds
334,Hailar,CN,49.2,119.7,64.31,77,99,16.64,overcast clouds
335,Port Elizabeth,ZA,-33.918,25.5701,53.1,78,76,5.3,broken clouds
336,General Teran,MX,25.2667,-99.6833,83.97,57,100,12.62,overcast clouds
337,Kiunga,PG,-6.1219,141.2906,77.72,94,94,1.92,moderate rain
338,Mitsamiouli,KM,-11.3847,43.2844,75.74,68,6,4.34,clear sky
339,Neuquen,AR,-38.9516,-68.0591,46.29,61,0,10.36,clear sky
340,Manggar,ID,-2.8833,108.2667,82.76,75,100,14.65,overcast clouds
341,Williston,US,48.147,-103.618,90.19,34,0,5.99,clear sky
342,Praia,CV,14.9215,-23.5087,71.55,82,65,10.31,broken clouds
343,Pisco,PE,-13.7,-76.2167,60.85,82,0,9.22,clear sky
344,Tecoanapa,MX,16.5167,-98.75,77.41,84,88,1.68,overcast clouds
345,Esik,KZ,43.3552,77.4525,72.82,34,67,6.98,broken clouds
346,Ranong,TH,9.9658,98.6348,83.1,79,100,4.63,overcast clouds
347,Krapivinskiy,RU,54.9992,86.8133,64.04,49,26,5.19,scattered clouds
348,Russell,US,32.3502,-85.1999,79.83,92,75,0.0,broken clouds
349,Panama City,PA,8.9936,-79.5197,81.05,91,80,4.65,broken clouds
350,Liberal,US,37.0431,-100.921,71.87,94,90,9.22,overcast clouds
351,Ahvaz,IR,31.3203,48.6693,101.57,9,0,11.68,clear sky
352,Matara,LK,5.9485,80.5353,79.59,86,100,10.38,overcast clouds
353,Tchibanga,GA,-2.85,11.0333,69.71,95,58,1.43,broken clouds
354,Ban Nahin,LA,18.2418,104.2122,83.03,77,100,2.84,overcast clouds
355,Muskegon,US,43.3,-86.1334,66.06,72,20,11.5,few clouds
356,Nouadhibou,MR,20.931,-17.0347,65.93,87,24,24.32,few clouds
357,Cam Ranh,VN,11.9214,109.1591,91.36,55,20,5.75,few clouds
358,Maloy,NO,61.9353,5.1136,57.06,87,0,8.81,clear sky
359,Kendari,ID,-3.945,122.4989,78.76,89,100,1.92,overcast clouds
360,Yamada,JP,39.4667,141.95,66.97,95,100,3.49,overcast clouds
361,Sussex,US,41.1834,-74.6663,71.6,91,75,0.0,light rain
362,Sortland,NO,68.6949,15.4162,50.49,92,47,5.17,scattered clouds
363,Kenai,US,60.5544,-151.2583,62.02,74,90,4.61,overcast clouds
364,Buraydah,SA,26.326,43.975,88.23,10,0,10.54,clear sky
365,Talnakh,RU,69.4865,88.3972,53.11,91,100,12.91,moderate rain
366,Nahavand,IR,34.1885,48.377,68.76,23,0,1.92,clear sky
367,Thio,NC,-21.6167,166.2167,75.16,64,81,16.26,broken clouds
368,Saint Anthony,US,45.0205,-93.218,78.75,58,1,1.99,clear sky
369,Solikamsk,RU,59.6196,56.7729,69.6,93,48,3.0,scattered clouds
370,Nehe,CN,48.4833,124.8333,67.66,84,100,2.66,overcast clouds
371,Ewa Beach,US,21.3156,-158.0072,85.95,51,75,9.22,broken clouds
372,Aklavik,CA,68.2191,-135.0107,60.66,61,98,11.81,overcast clouds
373,Manono,CD,-7.3,27.4167,68.09,40,26,2.66,scattered clouds
374,Priargunsk,RU,50.3691,119.1012,64.58,72,99,14.61,overcast clouds
375,Liepaja,LV,56.5419,21.0367,66.25,94,20,3.44,few clouds
376,Sur,OM,22.5667,59.5289,90.55,46,4,3.09,clear sky
377,Kahului,US,20.8947,-156.47,85.96,67,40,24.16,scattered clouds
378,Belmonte,BR,-15.8631,-38.8828,68.5,85,93,13.47,overcast clouds
379,Korla,CN,41.7597,86.1469,85.68,17,0,2.01,clear sky
380,Save,BJ,8.0425,2.486,74.35,92,78,3.27,broken clouds
381,Abu Zabad,SD,12.35,29.25,77.79,67,20,7.27,few clouds
382,Inhambane,MZ,-23.865,35.3833,64.67,83,0,2.42,clear sky
383,Pizarro,CO,4.9533,-77.366,76.37,85,96,2.64,overcast clouds
384,Marrakesh,MA,31.6315,-8.0083,73.47,56,0,6.91,clear sky
385,Richards Bay,ZA,-28.783,32.0377,60.62,75,0,4.54,clear sky
386,Kindu,CD,-2.95,25.95,73.67,49,88,1.05,overcast clouds
387,Grand-Santi,GF,4.25,-54.3833,71.17,99,100,1.32,overcast clouds
388,Znamenskoye,RU,57.1281,73.8282,71.38,88,5,6.42,clear sky
389,Maningrida,AU,-12.0667,134.2667,84.74,48,10,13.06,clear sky
390,Daru,PG,-9.0763,143.2092,79.59,75,87,15.05,overcast clouds
391,Acajutla,SV,13.5928,-89.8275,80.4,81,70,5.08,broken clouds
392,Ottawa,CA,45.4112,-75.6981,66.13,82,100,5.41,overcast clouds
393,Idenao,CM,4.2475,9.0047,76.03,91,86,2.55,light rain
394,Marzuq,YE,14.4,46.4667,77.23,45,35,5.3,scattered clouds
395,Tutoia,BR,-2.7619,-42.2744,77.5,88,100,12.59,overcast clouds
396,Xai-Xai,MZ,-25.0519,33.6442,69.26,85,0,9.46,clear sky
397,Smithers,CA,54.7804,-127.1743,76.06,25,0,7.99,clear sky
398,Coahuayana,MX,18.7333,-103.6833,80.08,94,100,3.62,overcast clouds
399,Ondjiva,AO,-17.0667,15.7333,53.01,29,21,6.62,few clouds
400,Jiuquan,CN,39.7432,98.5174,79.61,16,1,10.16,clear sky
401,Hargeysa,SO,9.56,44.065,69.67,51,10,24.87,clear sky
402,Pakdasht,IR,35.4752,51.6807,82.4,23,1,1.59,clear sky
403,Lahaina,US,20.8783,-156.6825,85.95,80,45,13.42,scattered clouds
404,Nueva Italia,PY,-25.6167,-57.5,54.63,60,28,6.96,scattered clouds
405,Biak,ID,-0.9131,122.8766,78.8,84,100,8.37,overcast clouds
406,Ziro,IN,27.6333,93.8333,63.21,91,100,1.66,overcast clouds
407,Fereydun Kenar,IR,36.6864,52.5225,79.74,80,80,5.46,broken clouds
408,Chokwe,MZ,-24.5333,32.9833,62.64,93,0,5.77,clear sky
409,Kushiro,JP,42.975,144.3747,61.75,100,75,8.05,fog
410,Kemijarvi,FI,66.7131,27.4306,53.06,64,21,4.9,few clouds
411,Bonavista,CA,48.6499,-53.1147,47.12,93,100,13.11,light rain
412,Dabat,ET,12.9842,37.765,52.66,77,5,2.37,clear sky
413,Lasa,IT,46.6166,10.7002,56.03,90,56,3.89,broken clouds
414,Rindal,NO,63.0565,9.2124,57.31,63,6,2.84,clear sky
415,Altay,CN,47.8667,88.1167,72.37,53,42,3.29,scattered clouds
416,Hambantota,LK,6.1241,81.1185,82.18,76,82,17.2,broken clouds
417,Copacabana,CO,6.3463,-75.5089,66.63,99,64,2.26,broken clouds
418,Melfort,CA,52.8667,-104.6177,77.99,65,0,8.1,clear sky
419,Sangar,RU,63.9242,127.4739,79.75,36,100,7.31,overcast clouds
420,Pochutla,MX,15.7432,-96.4661,76.05,90,100,1.77,overcast clouds
421,Kungurtug,RU,50.5994,97.5228,49.32,89,100,1.21,moderate rain
422,Tumpat,MY,6.1978,102.171,80.73,80,82,4.47,broken clouds
423,Dalhousie,IN,32.5333,75.9833,76.66,24,48,5.08,scattered clouds
424,Ustka,PL,54.5805,16.8619,60.06,96,100,9.84,overcast clouds
425,Comodoro Rivadavia,AR,-45.8667,-67.5,44.22,50,73,22.08,broken clouds
426,Sabzevar,IR,36.2126,57.6819,80.83,28,0,6.69,clear sky
427,Sedan,FR,49.6667,5.0,55.72,92,100,1.5,overcast clouds
428,Torata,PE,-17.0769,-70.8433,55.44,41,0,1.19,clear sky
429,Iranshahr,IR,27.2025,60.6848,88.07,15,5,4.79,clear sky
430,Beyneu,KZ,45.3167,55.2,81.55,40,0,8.21,clear sky
431,Goderich,CA,43.7501,-81.7165,61.92,78,0,18.84,clear sky
432,Gushikawa,JP,26.3544,127.8686,85.62,84,40,13.8,light rain
433,Shakawe,BW,-18.3667,21.85,51.58,34,5,5.35,clear sky
434,Ayia Marina,GR,37.75,23.5333,85.28,71,0,19.35,clear sky
435,Boueni,YT,-12.9025,45.0761,76.98,67,56,15.01,broken clouds
436,Saldanha,ZA,-33.0117,17.9442,57.04,87,59,11.3,broken clouds
437,Peniche,PT,39.3558,-9.3811,62.08,88,3,4.7,clear sky
438,Meulaboh,ID,4.1363,96.1285,79.84,77,100,4.23,overcast clouds
439,Igarka,RU,67.4667,86.5833,50.47,95,100,10.89,light rain
440,Palauig,PH,15.435,119.9045,84.99,72,100,2.82,overcast clouds
441,Sabha,LY,27.0377,14.4283,88.92,15,0,12.15,clear sky
442,Sakakah,SA,29.9697,40.2064,84.34,25,0,12.68,clear sky
443,Puerto Baquerizo Moreno,EC,-0.9,-89.6,72.1,83,27,10.2,scattered clouds
444,Kumphawapi,TH,17.1087,103.0149,89.01,69,100,5.06,overcast clouds
445,Hornepayne,CA,49.2138,-84.7705,53.96,70,99,4.18,overcast clouds
446,Nanning,CN,22.8167,108.3167,88.38,72,100,10.87,overcast clouds
447,Vetrisoaia,RO,46.43,28.2083,65.84,96,100,4.52,moderate rain
448,Luau,AO,-10.7073,22.2247,55.06,32,0,3.62,clear sky
449,Scottsbluff,US,41.8666,-103.6672,73.22,79,90,5.75,overcast clouds
450,Svetlogorsk,BY,52.6333,29.7333,62.76,94,71,6.62,light rain
451,Lompoc,US,34.6391,-120.4579,77.56,80,90,11.5,overcast clouds
452,Tilichiki,RU,60.4667,166.1,55.96,47,85,16.13,overcast clouds
453,Alofi,NU,-19.0595,-169.9187,82.29,83,40,9.22,light rain
454,Doka,SD,13.5167,35.7667,75.36,71,100,8.7,overcast clouds
455,Ataco,CO,3.5915,-75.3818,72.28,78,30,4.03,scattered clouds
456,Kasempa,ZM,-13.4584,25.8338,50.59,35,1,4.85,clear sky
457,Kuching,MY,1.55,110.3333,77.22,88,20,3.44,few clouds
458,Skuodas,LT,56.2667,21.5333,66.06,93,64,6.02,broken clouds
459,Jinchang,CN,38.4953,102.1739,75.06,22,0,9.13,clear sky
460,Dudinka,RU,69.4058,86.1778,52.57,89,100,15.86,moderate rain
461,Mari-Turek,RU,56.7895,49.6235,63.41,93,5,4.23,clear sky
462,Gazojak,TM,41.1875,61.4036,89.64,24,7,10.16,clear sky
463,Sarlat-La-Caneda,FR,44.889,1.2166,62.55,95,28,0.76,scattered clouds
464,Byron Bay,AU,-28.65,153.6167,69.06,86,84,11.39,light rain
465,Lavrentiya,RU,65.5833,-171.0,39.16,86,100,20.13,light rain
466,Pokhara,NP,28.2333,83.9833,72.79,88,100,2.37,overcast clouds
467,Farmington,US,36.7281,-108.2187,87.78,24,1,8.05,clear sky
468,Ravar,IR,31.2656,56.8055,80.96,18,0,1.97,clear sky
469,Aykhal,RU,66.0,111.5,65.48,59,100,6.67,overcast clouds
470,Yendi,GH,9.4427,-0.0099,71.96,88,100,4.94,overcast clouds
471,San Pedro,PH,14.35,121.0167,87.35,69,75,6.91,broken clouds
472,Livadiya,RU,42.8692,132.6764,67.26,75,43,11.05,scattered clouds
473,Santa Marinella,IT,42.0345,11.8536,72.91,86,20,9.01,few clouds
474,Remiremont,FR,48.0175,6.5882,54.66,96,25,2.39,scattered clouds
475,Taoudenni,ML,22.6783,-3.9836,98.42,20,93,8.25,overcast clouds
476,Barahona,DO,18.2085,-71.1008,79.18,81,100,12.8,overcast clouds
477,Uray,RU,60.1247,64.7758,73.17,82,74,5.79,broken clouds
478,Lipin Bor,RU,60.2622,37.9763,53.4,88,100,8.68,light rain
479,Qujing,CN,25.4833,103.7833,67.73,87,100,13.82,light rain
480,Hirado,JP,33.3597,129.5531,83.35,91,100,11.9,overcast clouds
481,Banjar,ID,-8.19,114.9675,82.26,62,25,2.1,scattered clouds
482,Gloversville,US,43.0528,-74.3438,65.79,98,100,1.01,overcast clouds
483,Greenville,US,35.6127,-77.3663,82.81,69,1,13.8,clear sky
484,Port-Gentil,GA,-0.7193,8.7815,76.21,86,49,15.3,scattered clouds
485,Morros,BR,-9.4467,-46.3003,79.18,36,100,6.33,overcast clouds
486,Madimba,TZ,-10.4,40.3333,68.31,88,62,7.25,broken clouds
487,Bossangoa,CF,6.4926,17.4552,68.74,95,100,4.09,overcast clouds
488,Brae,GB,60.3964,-1.353,53.51,93,4,5.32,clear sky
489,Sioux Lookout,CA,50.1001,-91.917,64.81,45,84,0.65,broken clouds
490,Changping,CN,40.2186,116.2197,74.84,49,17,5.3,few clouds
491,Dauphin,CA,51.1494,-100.0502,76.51,65,0,6.13,clear sky
492,Tres Palos,MX,18.1833,-101.6167,74.01,98,95,2.39,overcast clouds
493,Boromo,BF,11.75,-2.9333,73.99,77,100,4.88,moderate rain
494,Sartana,UA,47.1744,37.6927,70.86,100,54,2.98,broken clouds
495,Nemuro,JP,43.3236,145.575,58.17,92,93,12.03,overcast clouds
496,Dzhebariki-Khaya,RU,62.2167,135.8,88.66,26,89,3.44,overcast clouds
497,Chepareria,KE,1.3077,35.2039,59.41,81,82,3.22,broken clouds
498,Manakara,MG,-22.1333,48.0167,62.26,93,6,4.54,clear sky
499,Hofn,IS,64.2539,-15.2082,51.84,81,100,7.85,overcast clouds
500,Mende,FR,44.6667,3.5,47.48,96,0,1.52,clear sky
501,Pokosnoye,RU,55.5258,101.0536,61.41,76,100,7.14,overcast clouds
502,Ambanja,MG,-13.6833,48.45,67.17,77,80,3.96,broken clouds
503,Itoman,JP,26.1247,127.6694,86.4,89,75,10.36,broken clouds
504,Manokwari,ID,-0.8667,134.0833,82.94,70,15,3.87,few clouds
505,Sibolga,ID,1.7427,98.7792,80.76,81,100,1.5,light rain
506,Jasper,US,37.2001,-94.3502,77.02,85,60,8.5,broken clouds
507,Sao Filipe,CV,14.8961,-24.4956,75.52,67,76,5.5,broken clouds
508,Wuda,CN,39.4994,106.7117,78.48,23,100,13.65,overcast clouds
509,Mandalgovi,MN,45.7625,106.2708,55.2,67,99,10.51,overcast clouds
510,Cedral,MX,23.8,-100.7333,72.57,56,99,9.91,overcast clouds
511,Camabatela,AO,-8.1881,15.375,57.85,34,44,3.24,scattered clouds
512,Ilabaya,PE,-17.4208,-70.5133,62.06,47,0,1.07,clear sky
513,Tanout,NE,14.9709,8.8879,88.38,32,24,7.67,few clouds
514,Atocha,BO,-20.9333,-66.2333,37.99,18,0,4.27,clear sky
515,Oriximina,BR,-1.7656,-55.8661,75.04,72,90,3.8,overcast clouds
516,Tevaitoa,PF,-16.7833,-151.5,79.86,73,11,26.08,few clouds
517,Westport,US,41.1415,-73.3579,73.26,95,90,1.01,mist
518,El Tarra,CO,8.5756,-73.0949,74.62,95,66,2.77,broken clouds
519,Waipawa,NZ,-41.4122,175.5153,50.63,61,7,5.75,clear sky
520,Qianan,CN,44.9932,124.0581,73.94,73,100,11.65,overcast clouds
521,Riyadh,SA,24.6877,46.7219,82.54,14,0,3.98,clear sky
522,Virginia Beach,US,36.8529,-75.978,85.01,73,75,11.5,broken clouds
523,Rumphi,MW,-11.0186,33.8575,54.54,72,0,3.78,clear sky
524,Nishihara,JP,26.1842,127.7558,85.68,89,75,10.36,broken clouds
525,Bor,RU,56.3567,44.0669,61.56,96,93,2.82,overcast clouds
526,Diapaga,BF,12.0708,1.7889,77.65,64,100,6.04,overcast clouds
527,Mokhotlong,LS,-29.2894,29.0675,33.75,44,0,1.01,clear sky
528,Uyuni,BO,-20.4597,-66.825,35.64,21,0,0.65,clear sky
529,Esfahan,IR,32.6572,51.6776,69.44,17,32,2.77,scattered clouds
530,Marshfield,US,44.6689,-90.1718,71.33,43,1,6.91,clear sky
531,San Quintin,MX,30.4833,-115.95,68.49,81,78,9.1,broken clouds
532,Kruisfontein,ZA,-34.0033,24.7314,46.89,78,90,4.74,overcast clouds
533,Maralal,KE,1.0968,36.698,54.97,85,34,3.4,scattered clouds
534,Talaya,RU,61.3833,152.75,60.49,47,100,11.16,overcast clouds
535,Mahajanga,MG,-15.7167,46.3167,62.62,88,0,4.61,clear sky
536,Cap Malheureux,MU,-19.9842,57.6142,68.47,76,87,3.0,overcast clouds
537,Jingcheng,CN,32.0142,120.2625,83.01,88,100,9.24,overcast clouds
538,Adet,ET,11.2644,37.4888,54.37,95,38,3.22,scattered clouds
539,Okhotsk,RU,59.3833,143.3,61.92,70,59,11.54,broken clouds
540,Kurali,IN,30.8315,76.5785,93.49,35,76,15.12,broken clouds
541,Hobyo,SO,5.3505,48.5268,77.74,81,99,25.7,overcast clouds
542,Kailua,US,21.4022,-157.7394,85.98,57,40,12.66,scattered clouds
543,Ushtobe,KZ,45.2514,77.9838,81.66,37,0,17.07,clear sky
544,Konin,PL,52.2234,18.2512,59.05,97,97,6.62,overcast clouds
545,Sao Miguel Do Araguaia,BR,-13.275,-50.1628,69.69,39,0,3.69,clear sky
546,Kukmor,RU,56.1855,50.8944,64.69,90,0,3.2,clear sky
547,Yafran,LY,32.0633,12.5286,85.53,16,0,8.93,clear sky
548,Sept-Iles,CA,50.2001,-66.3821,54.05,94,25,4.81,scattered clouds
549,Tantangan,PH,6.615,124.7489,83.82,73,100,2.37,overcast clouds
550,Kungsbacka,SE,57.4872,12.0761,63.18,87,96,5.99,overcast clouds
551,Emerald,AU,-23.5333,148.1667,65.34,88,100,5.91,light rain
552,Itarema,BR,-2.9248,-39.9167,75.92,89,100,8.55,overcast clouds
553,Katobu,ID,-4.9408,122.5276,83.25,71,78,4.63,broken clouds
554,Dawlatabad,AF,36.4141,64.9053,86.16,18,3,6.17,clear sky
555,Isangel,VU,-19.55,169.2667,72.95,58,78,19.44,broken clouds
556,Paso De Patria,AR,-27.2454,-58.5454,53.65,67,99,6.91,overcast clouds
557,Kontagora,NG,10.3999,5.4695,74.12,78,96,2.95,light rain
558,Vila Franca Do Campo,PT,37.7167,-25.4333,66.61,86,59,8.99,broken clouds
559,Waingapu,ID,-9.6567,120.2641,83.37,59,96,15.3,overcast clouds
560,Opuwo,NA,-18.0607,13.84,57.58,26,0,6.58,clear sky
561,Muli,MV,2.9167,73.5667,82.76,73,27,14.99,scattered clouds
562,Baghdad,IQ,33.3406,44.4009,84.11,30,0,3.44,smoke
563,Ciudad Real,ES,39.0,-4.0,74.1,33,0,5.01,clear sky
564,Wahiawa,US,21.5028,-158.0236,82.72,58,90,12.66,overcast clouds
565,Malanje,AO,-9.5402,16.341,56.3,30,4,4.21,clear sky
566,Chunskiy,RU,56.0815,99.6342,61.84,70,96,6.06,overcast clouds
567,Saquarema,BR,-22.92,-42.5103,66.22,85,10,6.46,clear sky
568,Manzanillo,CU,20.3433,-77.1167,78.08,86,72,8.34,light rain
569,Caborca,MX,30.5838,-111.101,81.14,58,71,11.14,broken clouds
570,Salinas,US,36.6777,-121.6555,78.87,76,90,12.66,overcast clouds
571,Grindavik,IS,63.8424,-22.4338,51.57,100,90,3.44,mist
572,Bayir,TR,37.2687,28.2167,66.72,28,0,3.78,clear sky
573,Henties Bay,NA,-22.116,14.2845,52.86,85,0,5.99,clear sky
574,La Paz,BO,-16.5,-68.15,30.18,43,0,2.3,clear sky
575,Oranjestad,AW,12.524,-70.027,82.35,84,20,5.99,few clouds
576,Jaisalmer,IN,26.9147,70.9181,82.18,69,14,26.4,few clouds
577,Vila Do Maio,CV,15.1333,-23.2167,72.55,79,88,12.55,overcast clouds
578,Berlevag,NO,70.8578,29.0864,49.37,79,39,31.14,scattered clouds
579,Peace River,CA,56.2501,-117.286,84.49,65,56,11.39,broken clouds
580,Ouadda,CF,8.0777,22.4007,65.03,95,100,1.79,overcast clouds
581,Shieli,KZ,44.1667,66.75,89.35,18,1,7.36,clear sky
582,Maniitsoq,GL,65.4167,-52.9,41.74,76,23,4.94,few clouds
583,Aden,YE,12.7794,45.0367,86.56,84,12,9.6,few clouds
584,Wewak,PG,-3.5534,143.6268,82.81,74,100,6.46,overcast clouds
585,Mangai,CD,-4.05,19.5333,68.13,43,97,0.69,overcast clouds
586,Lumut,MY,4.2323,100.6298,81.21,78,62,3.69,broken clouds
587,Puerto Leguizamo,CO,-0.1934,-74.7819,67.12,88,14,1.81,few clouds
588,Abnub,EG,27.2696,31.1511,85.12,29,0,11.32,clear sky
589,Kuytun,RU,54.3419,101.5036,62.4,73,100,9.37,overcast clouds
590,Havoysund,NO,70.9963,24.6622,49.08,85,85,34.16,overcast clouds
591,Touros,BR,-5.1989,-35.4608,76.1,88,48,11.39,scattered clouds
592,Darhan,MN,49.4867,105.9228,54.9,97,100,1.54,overcast clouds
593,Siloam Springs,US,36.1881,-94.5405,75.92,94,20,0.0,few clouds
594,Iquitos,PE,-3.7481,-73.2472,68.04,88,20,3.44,few clouds
595,Kushmurun,KZ,52.4503,64.6311,76.23,49,87,11.48,light rain
596,Enshi,CN,30.3,109.4833,73.63,98,100,0.78,overcast clouds
597,Shevchenkove,UA,49.6959,37.1735,65.98,82,100,5.73,overcast clouds
598,Paita,PE,-5.0892,-81.1144,66.16,83,5,13.91,clear sky
599,Las Vegas,US,36.175,-115.1372,106.48,8,1,13.8,clear sky
600,Houston,US,29.7633,-95.3633,86.4,78,90,1.99,overcast clouds
601,Lavumisa,SZ,-27.31,31.892,56.8,67,0,2.71,clear sky
602,Denpasar,ID,-8.65,115.2167,82.06,78,40,8.05,scattered clouds
603,Porto Novo,BJ,6.4965,2.6036,76.17,92,98,5.57,light rain
604,Kursenai,LT,55.985,22.9189,66.45,93,66,6.49,broken clouds
605,Novo Cruzeiro,BR,-17.4681,-41.8753,58.93,85,98,4.74,overcast clouds
606,Monkey Bay,MW,-14.0728,34.9201,68.76,52,3,7.65,clear sky
607,La Palma,US,33.8464,-118.0467,95.11,63,20,5.01,few clouds
608,Tiarei,PF,-17.5333,-149.3333,84.22,70,43,22.35,scattered clouds
609,Oussouye,SN,12.485,-16.5469,77.25,84,100,4.45,overcast clouds
610,Inuvik,CA,68.3499,-133.7218,58.6,67,92,13.62,overcast clouds
611,Basco,PH,20.4487,121.9702,84.07,74,100,11.5,overcast clouds
612,Baykit,RU,61.67,96.37,63.88,50,100,5.41,overcast clouds
613,Almeirim,BR,-1.5233,-52.5817,76.24,84,99,2.15,overcast clouds
614,Dubbo,AU,-32.25,148.6167,53.73,94,90,5.75,overcast clouds
615,Kavaratti,IN,10.5669,72.642,82.58,77,100,15.97,overcast clouds
616,Labuhan,ID,-6.8844,112.2051,82.31,69,62,3.42,broken clouds
617,Ordynskoye,RU,54.3656,81.8994,63.59,64,100,4.43,overcast clouds
618,Margate,GB,51.3813,1.3862,60.69,74,100,1.01,overcast clouds
619,Akhalgori,GE,42.126,44.4833,69.31,79,100,5.26,overcast clouds
620,Tuatapere,NZ,-46.1333,167.6833,52.83,70,7,4.32,clear sky
621,Makurdi,NG,7.7411,8.5121,74.89,88,86,5.79,overcast clouds
622,Bardiyah,LY,31.7561,25.0865,82.04,51,0,9.57,clear sky
623,Mardin,TR,37.3131,40.7436,78.06,23,0,5.75,clear sky
624,Preston,GB,53.7667,-2.7167,59.49,75,100,2.26,overcast clouds
625,Lakhisarai,IN,25.1768,86.0932,89.11,61,88,6.6,overcast clouds
626,Iqaluit,CA,63.7506,-68.5145,42.53,86,90,8.99,overcast clouds
627,Anahuac,MX,27.2333,-100.15,90.72,42,71,19.55,broken clouds
628,Pennsville,US,39.6535,-75.5166,73.85,83,90,1.01,overcast clouds
629,Tres Picos,MX,15.8667,-93.5333,78.94,85,99,1.81,overcast clouds
630,Clovis,US,36.8252,-119.7029,100.17,29,20,1.01,few clouds
631,Araouane,ML,18.9048,-3.5265,92.23,27,18,13.53,few clouds
632,Hoyerswerda,DE,51.4333,14.25,60.67,86,100,7.52,overcast clouds
633,Kingisepp,RU,59.3733,28.6134,56.46,91,6,4.16,clear sky
634,Isiolo,KE,0.3546,37.5822,63.55,77,57,5.91,broken clouds
635,Vangaindrano,MG,-23.35,47.6,62.19,92,2,5.41,clear sky
636,Pingliang,CN,35.5392,106.6861,68.04,58,100,3.24,light rain
637,Rudbar,AF,30.15,62.6,88.18,19,0,12.19,clear sky
638,Ngunguru,NZ,-35.6167,174.5,59.16,69,97,14.67,overcast clouds
639,Gorele,TR,41.0308,39.0031,72.84,78,0,4.92,clear sky
640,Alindao,CF,5.0267,21.2088,69.96,83,78,3.31,broken clouds
641,Nador,MA,35.174,-2.9287,70.05,88,0,0.0,clear sky
642,Jacqueville,CI,5.2052,-4.4146,80.51,86,100,6.53,light rain
643,Soyo,AO,-6.1349,12.3689,71.46,91,38,5.99,scattered clouds
644,Dagana,MR,16.5165,-15.5068,77.54,64,56,13.58,broken clouds
645,Ardrishaig,GB,56.0157,-5.4481,58.21,97,59,1.68,broken clouds
646,Vinh,VN,18.6667,105.6667,89.31,61,100,9.64,overcast clouds
647,Atlantic City,US,39.3643,-74.4229,72.99,97,20,3.44,few clouds
648,Ca Mau,VN,9.1769,105.15,89.98,55,62,6.67,broken clouds
649,Cabedelo,BR,-6.9811,-34.8339,74.07,82,44,12.08,scattered clouds
650,Malya,TZ,-2.9833,33.5167,62.96,76,93,3.62,overcast clouds
651,Pueblo,US,38.2545,-104.6091,70.56,90,90,1.01,moderate rain
652,West Wendover,US,40.7391,-114.0733,88.81,20,1,8.05,clear sky
653,Ambon,ID,-3.6954,128.1814,78.94,89,40,4.61,moderate rain
654,Mackenzie,CA,55.2999,-123.1698,75.38,68,63,4.76,broken clouds
655,Imbituba,BR,-28.24,-48.6703,59.83,89,50,7.67,scattered clouds
656,Kilindoni,TZ,-7.9139,39.6668,77.43,68,100,15.35,overcast clouds
657,Kalia,BD,23.0396,89.6328,84.58,82,97,9.55,overcast clouds
658,Petit Goave,HT,18.4314,-72.8669,82.58,78,91,7.05,overcast clouds
659,Kem,RU,64.9555,34.5793,50.52,58,0,4.65,clear sky
660,Hami,CN,42.8,93.45,85.73,16,18,5.86,few clouds
661,Novoagansk,RU,61.9449,76.6625,59.32,71,57,13.51,broken clouds
662,Nagato,JP,34.3833,131.2,79.25,90,100,2.44,overcast clouds
663,Mindelo,CV,16.8901,-24.9804,71.56,81,21,14.0,few clouds
664,Nyrob,RU,60.733,56.7202,67.44,93,100,1.14,overcast clouds
665,Ocean City,US,39.2776,-74.5746,72.99,92,100,9.55,overcast clouds
666,Havelock,US,34.8791,-76.9013,81.01,87,40,8.99,scattered clouds
667,Ergani,TR,38.2653,39.7621,77.72,29,6,7.99,clear sky
668,Pervomayskoye,RU,43.919,46.7102,74.21,53,0,4.76,clear sky
669,Lucapa,AO,-8.4192,20.7447,60.96,30,3,4.09,clear sky
670,Kargasok,RU,59.0556,80.8572,72.07,73,98,14.25,light rain
671,Mugur-Aksy,RU,50.35,90.5,52.11,59,40,8.23,scattered clouds
672,High Level,CA,58.5169,-117.136,82.69,46,1,16.13,clear sky
